INEGI. Tabulados de la Encuesta Intercensal 2015,,,,,,
Fecha de elaboración: 08/12/2015,,,,,,
,,,,,,
Estimadores de la población total en viviendas particulares habitadas por tamaño de localidad,,,,,,Población 1
y grupos quinquenales de edad según sexo,,,,,,
,,,,,,
Entidad federativa,Tamaño de localidad,Grupos quinquenales de edad,Estimador,Población total,Hombres,Mujeres
,,,,,,
02 Baja California,Total,Total,Valor,"3,315,766","1,650,341","1,665,425"
02 Baja California,Total,Total,Error estándar,"69,938","35,700","34,819"
02 Baja California,Total,Total,Límite inferior de confianza,"3,200,681","1,591,595","1,608,129"
02 Baja California,Total,Total,Límite superior de confianza,"3,430,851","1,709,087","1,722,721"
02 Baja California,Total,Total,Coeficiente de variación,2.11,2.16,2.09
02 Baja California,Total,Total,DEFF,1.79,1.85,1.74
02 Baja California,Total,00-04 años,Valor,"280,637","142,279","138,358"
02 Baja California,Total,00-04 años,Error estándar,"7,456","4,401","3,686"
02 Baja California,Total,00-04 años,Límite inferior de confianza,"268,368","135,037","132,292"
02 Baja California,Total,00-04 años,Límite superior de confianza,"292,906","149,521","144,424"
02 Baja California,Total,00-04 años,Coeficiente de variación,2.66,3.09,2.66
02 Baja California,Total,00-04 años,DEFF,1.84,2.24,1.89
02 Baja California,Total,05-09 años,Valor,"300,330","152,154","148,176"
02 Baja California,Total,05-09 años,Error estándar,"7,813","4,228","4,075"
02 Baja California,Total,05-09 años,Límite inferior de confianza,"287,474","145,197","141,470"
02 Baja California,Total,05-09 años,Límite superior de confianza,"313,186","159,111","154,882"
02 Baja California,Total,05-09 años,Coeficiente de variación,2.6,2.78,2.75
02 Baja California,Total,05-09 años,DEFF,1.89,2.1,2.02
02 Baja California,Total,10-14 años,Valor,"306,547","154,548","151,999"
02 Baja California,Total,10-14 años,Error estándar,"7,267","4,257","3,994"
02 Baja California,Total,10-14 años,Límite inferior de confianza,"294,589","147,542","145,426"
02 Baja California,Total,10-14 años,Límite superior de confianza,"318,505","161,554","158,572"
02 Baja California,Total,10-14 años,Coeficiente de variación,2.37,2.75,2.63
02 Baja California,Total,10-14 años,DEFF,1.63,2,1.94
02 Baja California,Total,15-19 años,Valor,"297,964","151,811","146,153"
02 Baja California,Total,15-19 años,Error estándar,"7,320","3,984","3,903"
02 Baja California,Total,15-19 años,Límite inferior de confianza,"285,919","145,256","139,730"
02 Baja California,Total,15-19 años,Límite superior de confianza,"310,009","158,366","152,576"
02 Baja California,Total,15-19 años,Coeficiente de variación,2.46,2.62,2.67
02 Baja California,Total,15-19 años,DEFF,1.7,1.86,1.87
02 Baja California,Total,20-24 años,Valor,"303,190","151,887","151,303"
02 Baja California,Total,20-24 años,Error estándar,"7,720","4,516","3,843"
02 Baja California,Total,20-24 años,Límite inferior de confianza,"290,487","144,456","144,979"
02 Baja California,Total,20-24 años,Límite superior de confianza,"315,893","159,318","157,627"
02 Baja California,Total,20-24 años,Coeficiente de variación,2.55,2.97,2.54
02 Baja California,Total,20-24 años,DEFF,1.86,2.34,1.8
02 Baja California,Total,25-29 años,Valor,"278,003","135,511","142,492"
02 Baja California,Total,25-29 años,Error estándar,"7,226","3,872","3,892"
02 Baja California,Total,25-29 años,Límite inferior de confianza,"266,113","129,139","136,087"
02 Baja California,Total,25-29 años,Límite superior de confianza,"289,893","141,883","148,897"
02 Baja California,Total,25-29 años,Coeficiente de variación,2.6,2.86,2.73
02 Baja California,Total,25-29 años,DEFF,1.98,2.28,2.16
02 Baja California,Total,30-34 años,Valor,"260,846","129,848","130,998"
02 Baja California,Total,30-34 años,Error estándar,"6,659","3,516","3,543"
02 Baja California,Total,30-34 años,Límite inferior de confianza,"249,888","124,063","125,168"
02 Baja California,Total,30-34 años,Límite superior de confianza,"271,804","135,633","136,828"
02 Baja California,Total,30-34 años,Coeficiente de variación,2.55,2.71,2.7
02 Baja California,Total,30-34 años,DEFF,1.8,1.97,1.99
02 Baja California,Total,35-39 años,Valor,"254,074","124,218","129,856"
02 Baja California,Total,35-39 años,Error estándar,"6,472","3,285","3,627"
02 Baja California,Total,35-39 años,Límite inferior de confianza,"243,424","118,812","123,888"
02 Baja California,Total,35-39 años,Límite superior de confianza,"264,724","129,624","135,824"
02 Baja California,Total,35-39 años,Coeficiente de variación,2.55,2.64,2.79
02 Baja California,Total,35-39 años,DEFF,1.83,2.09,1.9
02 Baja California,Total,40-44 años,Valor,"251,522","126,874","124,648"
02 Baja California,Total,40-44 años,Error estándar,"6,783","3,645","3,617"
02 Baja California,Total,40-44 años,Límite inferior de confianza,"240,360","120,876","118,696"
02 Baja California,Total,40-44 años,Límite superior de confianza,"262,684","132,872","130,600"
02 Baja California,Total,40-44 años,Coeficiente de variación,2.7,2.87,2.9
02 Baja California,Total,40-44 años,DEFF,1.89,1.9,2.29
02 Baja California,Total,45-49 años,Valor,"198,962","100,569","98,393"
02 Baja California,Total,45-49 años,Error estándar,"5,014","2,647","2,820"
02 Baja California,Total,45-49 años,Límite inferior de confianza,"190,712","96,213","93,753"
02 Baja California,Total,45-49 años,Límite superior de confianza,"207,212","104,925","103,033"
02 Baja California,Total,45-49 años,Coeficiente de variación,2.52,2.63,2.87
02 Baja California,Total,45-49 años,DEFF,1.87,1.96,2.25
02 Baja California,Total,50-54 años,Valor,"174,381","87,536","86,845"
02 Baja California,Total,50-54 años,Error estándar,"4,405","2,404","2,433"
02 Baja California,Total,50-54 años,Límite inferior de confianza,"167,132","83,579","82,842"
02 Baja California,Total,50-54 años,Límite superior de confianza,"181,630","91,493","90,848"
02 Baja California,Total,50-54 años,Coeficiente de variación,2.53,2.75,2.8
02 Baja California,Total,50-54 años,DEFF,1.82,2.28,2.06
02 Baja California,Total,55-59 años,Valor,"127,019","61,735","65,284"
02 Baja California,Total,55-59 años,Error estándar,"3,692","1,930","2,169"
02 Baja California,Total,55-59 años,Límite inferior de confianza,"120,943","58,560","61,715"
02 Baja California,Total,55-59 años,Límite superior de confianza,"133,095","64,910","68,853"
02 Baja California,Total,55-59 años,Coeficiente de variación,2.91,3.13,3.32
02 Baja California,Total,55-59 años,DEFF,2.41,2.65,3.03
02 Baja California,Total,60-64 años,Valor,"100,896","47,479","53,417"
02 Baja California,Total,60-64 años,Error estándar,"3,132","1,646","1,831"
02 Baja California,Total,60-64 años,Límite inferior de confianza,"95,743","44,771","50,404"
02 Baja California,Total,60-64 años,Límite superior de confianza,"106,049","50,187","56,430"
02 Baja California,Total,60-64 años,Coeficiente de variación,3.1,3.47,3.43
02 Baja California,Total,60-64 años,DEFF,2.46,3.24,2.98
02 Baja California,Total,65-69 años,Valor,"69,522","31,300","38,222"
02 Baja California,Total,65-69 años,Error estándar,"2,347","1,179","1,527"
02 Baja California,Total,65-69 años,Límite inferior de confianza,"65,660","29,360","35,710"
02 Baja California,Total,65-69 años,Límite superior de confianza,"73,384","33,240","40,734"
02 Baja California,Total,65-69 años,Coeficiente de variación,3.38,3.77,3.99
02 Baja California,Total,65-69 años,DEFF,2.88,4.18,3.83
02 Baja California,Total,70-74 años,Valor,"46,249","22,559","23,690"
02 Baja California,Total,70-74 años,Error estándar,"1,741","1,005","1,037"
02 Baja California,Total,70-74 años,Límite inferior de confianza,"43,383","20,905","21,983"
02 Baja California,Total,70-74 años,Límite superior de confianza,"49,115","24,213","25,397"
02 Baja California,Total,70-74 años,Coeficiente de variación,3.77,4.45,4.38
02 Baja California,Total,70-74 años,DEFF,3.37,4.81,4.94
02 Baja California,Total,75 años y más,Valor,"63,970","29,088","34,882"
02 Baja California,Total,75 años y más,Error estándar,"2,498","1,272","1,502"
02 Baja California,Total,75 años y más,Límite inferior de confianza,"59,860","26,995","32,411"
02 Baja California,Total,75 años y más,Límite superior de confianza,"68,080","31,181","37,353"
02 Baja California,Total,75 años y más,Coeficiente de variación,3.9,4.37,4.31
02 Baja California,Total,75 años y más,DEFF,3.48,4.99,4.17
02 Baja California,Total,No especificado,Valor,"1,654",945,709
02 Baja California,Total,No especificado,Error estándar,340,213,166
02 Baja California,Total,No especificado,Límite inferior de confianza,"1,095",594,435
02 Baja California,Total,No especificado,Límite superior de confianza,"2,213","1,296",983
02 Baja California,Total,No especificado,Coeficiente de variación,20.53,22.59,23.45
02 Baja California,Total,No especificado,DEFF,5.78,8.45,17.03
02 Baja California,Menos de 2 500 habitantes,Total,Valor,"294,901","152,094","142,807"
02 Baja California,Menos de 2 500 habitantes,Total,Error estándar,"12,505","6,382","6,297"
02 Baja California,Menos de 2 500 habitantes,Total,Límite inferior de confianza,"274,323","141,592","132,445"
02 Baja California,Menos de 2 500 habitantes,Total,Límite superior de confianza,"315,479","162,596","153,169"
02 Baja California,Menos de 2 500 habitantes,Total,Coeficiente de variación,4.24,4.2,4.41
02 Baja California,Menos de 2 500 habitantes,Total,DEFF,1.23,1.26,1.26
02 Baja California,Menos de 2 500 habitantes,00-04 años,Valor,"29,437","14,890","14,547"
02 Baja California,Menos de 2 500 habitantes,00-04 años,Error estándar,"1,882","1,042","1,042"
02 Baja California,Menos de 2 500 habitantes,00-04 años,Límite inferior de confianza,"26,340","13,175","12,832"
02 Baja California,Menos de 2 500 habitantes,00-04 años,Límite superior de confianza,"32,534","16,605","16,262"
02 Baja California,Menos de 2 500 habitantes,00-04 años,Coeficiente de variación,6.39,7,7.16
02 Baja California,Menos de 2 500 habitantes,00-04 años,DEFF,1.75,2.04,1.95
02 Baja California,Menos de 2 500 habitantes,05-09 años,Valor,"32,100","17,385","14,715"
02 Baja California,Menos de 2 500 habitantes,05-09 años,Error estándar,"1,896","1,098",929
02 Baja California,Menos de 2 500 habitantes,05-09 años,Límite inferior de confianza,"28,980","15,578","13,186"
02 Baja California,Menos de 2 500 habitantes,05-09 años,Límite superior de confianza,"35,220","19,192","16,244"
02 Baja California,Menos de 2 500 habitantes,05-09 años,Coeficiente de variación,5.91,6.32,6.31
02 Baja California,Menos de 2 500 habitantes,05-09 años,DEFF,1.66,1.86,1.82
02 Baja California,Menos de 2 500 habitantes,10-14 años,Valor,"30,855","16,252","14,603"
02 Baja California,Menos de 2 500 habitantes,10-14 años,Error estándar,"1,845","1,126",938
02 Baja California,Menos de 2 500 habitantes,10-14 años,Límite inferior de confianza,"27,819","14,399","13,059"
02 Baja California,Menos de 2 500 habitantes,10-14 años,Límite superior de confianza,"33,891","18,105","16,147"
02 Baja California,Menos de 2 500 habitantes,10-14 años,Coeficiente de variación,5.98,6.93,6.43
02 Baja California,Menos de 2 500 habitantes,10-14 años,DEFF,1.88,2.25,1.98
02 Baja California,Menos de 2 500 habitantes,15-19 años,Valor,"26,215","13,218","12,997"
02 Baja California,Menos de 2 500 habitantes,15-19 años,Error estándar,"1,560",927,856
02 Baja California,Menos de 2 500 habitantes,15-19 años,Límite inferior de confianza,"23,648","11,693","11,589"
02 Baja California,Menos de 2 500 habitantes,15-19 años,Límite superior de confianza,"28,782","14,743","14,405"
02 Baja California,Menos de 2 500 habitantes,15-19 años,Coeficiente de variación,5.95,7.01,6.58
02 Baja California,Menos de 2 500 habitantes,15-19 años,DEFF,2,2.81,2.14
02 Baja California,Menos de 2 500 habitantes,20-24 años,Valor,"23,544","11,851","11,693"
02 Baja California,Menos de 2 500 habitantes,20-24 años,Error estándar,"1,508",799,868
02 Baja California,Menos de 2 500 habitantes,20-24 años,Límite inferior de confianza,"21,062","10,536","10,264"
02 Baja California,Menos de 2 500 habitantes,20-24 años,Límite superior de confianza,"26,026","13,166","13,122"
02 Baja California,Menos de 2 500 habitantes,20-24 años,Coeficiente de variación,6.41,6.74,7.43
02 Baja California,Menos de 2 500 habitantes,20-24 años,DEFF,2,2.26,2.25
02 Baja California,Menos de 2 500 habitantes,25-29 años,Valor,"26,075","12,591","13,484"
02 Baja California,Menos de 2 500 habitantes,25-29 años,Error estándar,"1,612",820,968
02 Baja California,Menos de 2 500 habitantes,25-29 años,Límite inferior de confianza,"23,422","11,242","11,890"
02 Baja California,Menos de 2 500 habitantes,25-29 años,Límite superior de confianza,"28,728","13,940","15,078"
02 Baja California,Menos de 2 500 habitantes,25-29 años,Coeficiente de variación,6.18,6.51,7.18
02 Baja California,Menos de 2 500 habitantes,25-29 años,DEFF,1.79,1.92,2.18
02 Baja California,Menos de 2 500 habitantes,30-34 años,Valor,"22,806","10,677","12,129"
02 Baja California,Menos de 2 500 habitantes,30-34 años,Error estándar,"1,420",754,812
02 Baja California,Menos de 2 500 habitantes,30-34 años,Límite inferior de confianza,"20,470","9,436","10,793"
02 Baja California,Menos de 2 500 habitantes,30-34 años,Límite superior de confianza,"25,142","11,918","13,465"
02 Baja California,Menos de 2 500 habitantes,30-34 años,Coeficiente de variación,6.23,7.06,6.69
02 Baja California,Menos de 2 500 habitantes,30-34 años,DEFF,1.46,2,1.81
02 Baja California,Menos de 2 500 habitantes,35-39 años,Valor,"22,528","12,221","10,307"
02 Baja California,Menos de 2 500 habitantes,35-39 años,Error estándar,"1,105",628,630
02 Baja California,Menos de 2 500 habitantes,35-39 años,Límite inferior de confianza,"20,710","11,187","9,270"
02 Baja California,Menos de 2 500 habitantes,35-39 años,Límite superior de confianza,"24,346","13,255","11,344"
02 Baja California,Menos de 2 500 habitantes,35-39 años,Coeficiente de variación,4.9,5.14,6.11
02 Baja California,Menos de 2 500 habitantes,35-39 años,DEFF,1.34,1.44,1.98
02 Baja California,Menos de 2 500 habitantes,40-44 años,Valor,"19,450","10,028","9,422"
02 Baja California,Menos de 2 500 habitantes,40-44 años,Error estándar,"1,201",614,722
02 Baja California,Menos de 2 500 habitantes,40-44 años,Límite inferior de confianza,"17,474","9,018","8,234"
02 Baja California,Menos de 2 500 habitantes,40-44 años,Límite superior de confianza,"21,426","11,038","10,610"
02 Baja California,Menos de 2 500 habitantes,40-44 años,Coeficiente de variación,6.18,6.12,7.66
02 Baja California,Menos de 2 500 habitantes,40-44 años,DEFF,2.05,2.36,2.61
02 Baja California,Menos de 2 500 habitantes,45-49 años,Valor,"15,618","8,307","7,311"
02 Baja California,Menos de 2 500 habitantes,45-49 años,Error estándar,"1,054",627,618
02 Baja California,Menos de 2 500 habitantes,45-49 años,Límite inferior de confianza,"13,884","7,276","6,293"
02 Baja California,Menos de 2 500 habitantes,45-49 años,Límite superior de confianza,"17,352","9,338","8,329"
02 Baja California,Menos de 2 500 habitantes,45-49 años,Coeficiente de variación,6.75,7.54,8.46
02 Baja California,Menos de 2 500 habitantes,45-49 años,DEFF,2.63,3.03,3.42
02 Baja California,Menos de 2 500 habitantes,50-54 años,Valor,"13,364","7,147","6,217"
02 Baja California,Menos de 2 500 habitantes,50-54 años,Error estándar,750,476,458
02 Baja California,Menos de 2 500 habitantes,50-54 años,Límite inferior de confianza,"12,130","6,364","5,464"
02 Baja California,Menos de 2 500 habitantes,50-54 años,Límite superior de confianza,"14,598","7,930","6,970"
02 Baja California,Menos de 2 500 habitantes,50-54 años,Coeficiente de variación,5.61,6.66,7.36
02 Baja California,Menos de 2 500 habitantes,50-54 años,DEFF,2.34,3.17,3.82
02 Baja California,Menos de 2 500 habitantes,55-59 años,Valor,"9,101","4,869","4,232"
02 Baja California,Menos de 2 500 habitantes,55-59 años,Error estándar,601,362,384
02 Baja California,Menos de 2 500 habitantes,55-59 años,Límite inferior de confianza,"8,113","4,274","3,600"
02 Baja California,Menos de 2 500 habitantes,55-59 años,Límite superior de confianza,"10,089","5,464","4,864"
02 Baja California,Menos de 2 500 habitantes,55-59 años,Coeficiente de variación,6.6,7.43,9.07
02 Baja California,Menos de 2 500 habitantes,55-59 años,DEFF,3.82,4.8,7.1
02 Baja California,Menos de 2 500 habitantes,60-64 años,Valor,"6,796","3,641","3,155"
02 Baja California,Menos de 2 500 habitantes,60-64 años,Error estándar,642,422,339
02 Baja California,Menos de 2 500 habitantes,60-64 años,Límite inferior de confianza,"5,739","2,947","2,597"
02 Baja California,Menos de 2 500 habitantes,60-64 años,Límite superior de confianza,"7,853","4,335","3,713"
02 Baja California,Menos de 2 500 habitantes,60-64 años,Coeficiente de variación,9.45,11.58,10.74
02 Baja California,Menos de 2 500 habitantes,60-64 años,DEFF,5.65,7.59,9.13
02 Baja California,Menos de 2 500 habitantes,65-69 años,Valor,"6,337","3,214","3,123"
02 Baja California,Menos de 2 500 habitantes,65-69 años,Error estándar,531,272,376
02 Baja California,Menos de 2 500 habitantes,65-69 años,Límite inferior de confianza,"5,464","2,766","2,503"
02 Baja California,Menos de 2 500 habitantes,65-69 años,Límite superior de confianza,"7,210","3,662","3,743"
02 Baja California,Menos de 2 500 habitantes,65-69 años,Coeficiente de variación,8.37,8.46,12.05
02 Baja California,Menos de 2 500 habitantes,65-69 años,DEFF,4.18,6.63,6.62
02 Baja California,Menos de 2 500 habitantes,70-74 años,Valor,"4,288","2,304","1,984"
02 Baja California,Menos de 2 500 habitantes,70-74 años,Error estándar,453,322,288
02 Baja California,Menos de 2 500 habitantes,70-74 años,Límite inferior de confianza,"3,542","1,774","1,510"
02 Baja California,Menos de 2 500 habitantes,70-74 años,Límite superior de confianza,"5,034","2,834","2,458"
02 Baja California,Menos de 2 500 habitantes,70-74 años,Coeficiente de variación,10.57,13.97,14.51
02 Baja California,Menos de 2 500 habitantes,70-74 años,DEFF,5.62,10.67,10.84
02 Baja California,Menos de 2 500 habitantes,75 años y más,Valor,"6,368","3,486","2,882"
02 Baja California,Menos de 2 500 habitantes,75 años y más,Error estándar,640,400,373
02 Baja California,Menos de 2 500 habitantes,75 años y más,Límite inferior de confianza,"5,314","2,828","2,268"
02 Baja California,Menos de 2 500 habitantes,75 años y más,Límite superior de confianza,"7,422","4,144","3,496"
02 Baja California,Menos de 2 500 habitantes,75 años y más,Coeficiente de variación,10.06,11.48,12.94
02 Baja California,Menos de 2 500 habitantes,75 años y más,DEFF,4.26,5.78,7.77
02 Baja California,Menos de 2 500 habitantes,No especificado,Valor,19,13,6
02 Baja California,Menos de 2 500 habitantes,No especificado,Error estándar,13,12,6
02 Baja California,Menos de 2 500 habitantes,No especificado,Límite inferior de confianza,0,0,0
02 Baja California,Menos de 2 500 habitantes,No especificado,Límite superior de confianza,41,33,16
02 Baja California,Menos de 2 500 habitantes,No especificado,Coeficiente de variación,70.81,92.63,100
02 Baja California,Menos de 2 500 habitantes,No especificado,DEFF,0,0,0
02 Baja California,2 500-14 999 habitantes,Total,Valor,"269,779","133,969","135,810"
02 Baja California,2 500-14 999 habitantes,Total,Error estándar,"11,140","5,752","5,722"
02 Baja California,2 500-14 999 habitantes,Total,Límite inferior de confianza,"251,448","124,504","126,394"
02 Baja California,2 500-14 999 habitantes,Total,Límite superior de confianza,"288,110","143,434","145,226"
02 Baja California,2 500-14 999 habitantes,Total,Coeficiente de variación,4.13,4.29,4.21
02 Baja California,2 500-14 999 habitantes,Total,DEFF,0.63,0.7,0.62
02 Baja California,2 500-14 999 habitantes,00-04 años,Valor,"27,368","12,890","14,478"
02 Baja California,2 500-14 999 habitantes,00-04 años,Error estándar,"1,652",909,"1,035"
02 Baja California,2 500-14 999 habitantes,00-04 años,Límite inferior de confianza,"24,649","11,394","12,774"
02 Baja California,2 500-14 999 habitantes,00-04 años,Límite superior de confianza,"30,087","14,386","16,182"
02 Baja California,2 500-14 999 habitantes,00-04 años,Coeficiente de variación,6.04,7.05,7.15
02 Baja California,2 500-14 999 habitantes,00-04 años,DEFF,0.94,1.18,1.31
02 Baja California,2 500-14 999 habitantes,05-09 años,Valor,"26,694","13,391","13,303"
02 Baja California,2 500-14 999 habitantes,05-09 años,Error estándar,"1,497",689,"1,104"
02 Baja California,2 500-14 999 habitantes,05-09 años,Límite inferior de confianza,"24,231","12,258","11,486"
02 Baja California,2 500-14 999 habitantes,05-09 años,Límite superior de confianza,"29,157","14,524","15,120"
02 Baja California,2 500-14 999 habitantes,05-09 años,Coeficiente de variación,5.61,5.14,8.3
02 Baja California,2 500-14 999 habitantes,05-09 años,DEFF,0.86,0.78,1.51
02 Baja California,2 500-14 999 habitantes,10-14 años,Valor,"27,089","13,570","13,519"
02 Baja California,2 500-14 999 habitantes,10-14 años,Error estándar,"1,716","1,060",972
02 Baja California,2 500-14 999 habitantes,10-14 años,Límite inferior de confianza,"24,265","11,825","11,920"
02 Baja California,2 500-14 999 habitantes,10-14 años,Límite superior de confianza,"29,913","15,315","15,118"
02 Baja California,2 500-14 999 habitantes,10-14 años,Coeficiente de variación,6.34,7.81,7.19
02 Baja California,2 500-14 999 habitantes,10-14 años,DEFF,1.09,1.14,1.64
02 Baja California,2 500-14 999 habitantes,15-19 años,Valor,"25,787","12,811","12,976"
02 Baja California,2 500-14 999 habitantes,15-19 años,Error estándar,"1,836","1,148",887
02 Baja California,2 500-14 999 habitantes,15-19 años,Límite inferior de confianza,"22,765","10,922","11,517"
02 Baja California,2 500-14 999 habitantes,15-19 años,Límite superior de confianza,"28,809","14,700","14,435"
02 Baja California,2 500-14 999 habitantes,15-19 años,Coeficiente de variación,7.12,8.96,6.83
02 Baja California,2 500-14 999 habitantes,15-19 años,DEFF,0.94,1.44,0.77
02 Baja California,2 500-14 999 habitantes,20-24 años,Valor,"25,682","13,151","12,531"
02 Baja California,2 500-14 999 habitantes,20-24 años,Error estándar,"1,479","1,118",804
02 Baja California,2 500-14 999 habitantes,20-24 años,Límite inferior de confianza,"23,248","11,311","11,208"
02 Baja California,2 500-14 999 habitantes,20-24 años,Límite superior de confianza,"28,116","14,991","13,854"
02 Baja California,2 500-14 999 habitantes,20-24 años,Coeficiente de variación,5.76,8.5,6.42
02 Baja California,2 500-14 999 habitantes,20-24 años,DEFF,0.89,2,0.84
02 Baja California,2 500-14 999 habitantes,25-29 años,Valor,"22,754","10,297","12,457"
02 Baja California,2 500-14 999 habitantes,25-29 años,Error estándar,"1,102",698,684
02 Baja California,2 500-14 999 habitantes,25-29 años,Límite inferior de confianza,"20,941","9,149","11,332"
02 Baja California,2 500-14 999 habitantes,25-29 años,Límite superior de confianza,"24,567","11,445","13,582"
02 Baja California,2 500-14 999 habitantes,25-29 años,Coeficiente de variación,4.84,6.78,5.49
02 Baja California,2 500-14 999 habitantes,25-29 años,DEFF,0.58,1.12,0.65
02 Baja California,2 500-14 999 habitantes,30-34 años,Valor,"23,029","11,935","11,094"
02 Baja California,2 500-14 999 habitantes,30-34 años,Error estándar,"1,334",658,812
02 Baja California,2 500-14 999 habitantes,30-34 años,Límite inferior de confianza,"20,833","10,851","9,758"
02 Baja California,2 500-14 999 habitantes,30-34 años,Límite superior de confianza,"25,225","13,019","12,430"
02 Baja California,2 500-14 999 habitantes,30-34 años,Coeficiente de variación,5.79,5.52,7.32
02 Baja California,2 500-14 999 habitantes,30-34 años,DEFF,0.79,0.75,1.17
02 Baja California,2 500-14 999 habitantes,35-39 años,Valor,"19,274","9,104","10,170"
02 Baja California,2 500-14 999 habitantes,35-39 años,Error estándar,"1,058",785,760
02 Baja California,2 500-14 999 habitantes,35-39 años,Límite inferior de confianza,"17,533","7,813","8,920"
02 Baja California,2 500-14 999 habitantes,35-39 años,Límite superior de confianza,"21,015","10,395","11,420"
02 Baja California,2 500-14 999 habitantes,35-39 años,Coeficiente de variación,5.49,8.62,7.47
02 Baja California,2 500-14 999 habitantes,35-39 años,DEFF,0.57,1.24,0.99
02 Baja California,2 500-14 999 habitantes,40-44 años,Valor,"18,790","10,108","8,682"
02 Baja California,2 500-14 999 habitantes,40-44 años,Error estándar,"1,489",910,732
02 Baja California,2 500-14 999 habitantes,40-44 años,Límite inferior de confianza,"16,339","8,611","7,477"
02 Baja California,2 500-14 999 habitantes,40-44 años,Límite superior de confianza,"21,241","11,605","9,887"
02 Baja California,2 500-14 999 habitantes,40-44 años,Coeficiente de variación,7.93,9,8.43
02 Baja California,2 500-14 999 habitantes,40-44 años,DEFF,1.03,1.37,0.99
02 Baja California,2 500-14 999 habitantes,45-49 años,Valor,"14,381","7,483","6,898"
02 Baja California,2 500-14 999 habitantes,45-49 años,Error estándar,898,500,558
02 Baja California,2 500-14 999 habitantes,45-49 años,Límite inferior de confianza,"12,903","6,660","5,980"
02 Baja California,2 500-14 999 habitantes,45-49 años,Límite superior de confianza,"15,859","8,306","7,816"
02 Baja California,2 500-14 999 habitantes,45-49 años,Coeficiente de variación,6.24,6.68,8.09
02 Baja California,2 500-14 999 habitantes,45-49 años,DEFF,1.01,1.13,1.54
02 Baja California,2 500-14 999 habitantes,50-54 años,Valor,"11,368","5,659","5,709"
02 Baja California,2 500-14 999 habitantes,50-54 años,Error estándar,907,536,536
02 Baja California,2 500-14 999 habitantes,50-54 años,Límite inferior de confianza,"9,875","4,777","4,826"
02 Baja California,2 500-14 999 habitantes,50-54 años,Límite superior de confianza,"12,861","6,541","6,592"
02 Baja California,2 500-14 999 habitantes,50-54 años,Coeficiente de variación,7.98,9.47,9.4
02 Baja California,2 500-14 999 habitantes,50-54 años,DEFF,1.6,2.12,2.54
02 Baja California,2 500-14 999 habitantes,55-59 años,Valor,"8,487","4,172","4,315"
02 Baja California,2 500-14 999 habitantes,55-59 años,Error estándar,833,355,638
02 Baja California,2 500-14 999 habitantes,55-59 años,Límite inferior de confianza,"7,117","3,588","3,266"
02 Baja California,2 500-14 999 habitantes,55-59 años,Límite superior de confianza,"9,857","4,756","5,364"
02 Baja California,2 500-14 999 habitantes,55-59 años,Coeficiente de variación,9.81,8.51,14.78
02 Baja California,2 500-14 999 habitantes,55-59 años,DEFF,3.3,2.6,5.77
02 Baja California,2 500-14 999 habitantes,60-64 años,Valor,"7,103","3,659","3,444"
02 Baja California,2 500-14 999 habitantes,60-64 años,Error estándar,581,410,310
02 Baja California,2 500-14 999 habitantes,60-64 años,Límite inferior de confianza,"6,147","2,984","2,934"
02 Baja California,2 500-14 999 habitantes,60-64 años,Límite superior de confianza,"8,059","4,334","3,954"
02 Baja California,2 500-14 999 habitantes,60-64 años,Coeficiente de variación,8.18,11.21,9
02 Baja California,2 500-14 999 habitantes,60-64 años,DEFF,2.45,3.37,2.77
02 Baja California,2 500-14 999 habitantes,65-69 años,Valor,"4,498","2,090","2,408"
02 Baja California,2 500-14 999 habitantes,65-69 años,Error estándar,457,292,287
02 Baja California,2 500-14 999 habitantes,65-69 años,Límite inferior de confianza,"3,746","1,610","1,935"
02 Baja California,2 500-14 999 habitantes,65-69 años,Límite superior de confianza,"5,250","2,570","2,881"
02 Baja California,2 500-14 999 habitantes,65-69 años,Coeficiente de variación,10.16,13.97,11.94
02 Baja California,2 500-14 999 habitantes,65-69 años,DEFF,3.06,6.04,3.39
02 Baja California,2 500-14 999 habitantes,70-74 años,Valor,"2,686","1,377","1,309"
02 Baja California,2 500-14 999 habitantes,70-74 años,Error estándar,362,253,215
02 Baja California,2 500-14 999 habitantes,70-74 años,Límite inferior de confianza,"2,090",961,955
02 Baja California,2 500-14 999 habitantes,70-74 años,Límite superior de confianza,"3,282","1,793","1,663"
02 Baja California,2 500-14 999 habitantes,70-74 años,Coeficiente de variación,13.48,18.35,16.45
02 Baja California,2 500-14 999 habitantes,70-74 años,DEFF,3.48,7.26,5.1
02 Baja California,2 500-14 999 habitantes,75 años y más,Valor,"4,701","2,184","2,517"
02 Baja California,2 500-14 999 habitantes,75 años y más,Error estándar,662,324,432
02 Baja California,2 500-14 999 habitantes,75 años y más,Límite inferior de confianza,"3,612","1,651","1,806"
02 Baja California,2 500-14 999 habitantes,75 años y más,Límite superior de confianza,"5,790","2,717","3,228"
02 Baja California,2 500-14 999 habitantes,75 años y más,Coeficiente de variación,14.07,14.82,17.18
02 Baja California,2 500-14 999 habitantes,75 años y más,DEFF,2.86,5.05,5.08
02 Baja California,2 500-14 999 habitantes,No especificado,Valor,88,88,0
02 Baja California,2 500-14 999 habitantes,No especificado,Error estándar,53,53,0
02 Baja California,2 500-14 999 habitantes,No especificado,Límite inferior de confianza,1,1,0
02 Baja California,2 500-14 999 habitantes,No especificado,Límite superior de confianza,175,175,0
02 Baja California,2 500-14 999 habitantes,No especificado,Coeficiente de variación,60.2,60.2,0
02 Baja California,2 500-14 999 habitantes,No especificado,DEFF,0,0,0
02 Baja California,15 000-49 999 habitantes,Total,Valor,"307,293","153,253","154,040"
02 Baja California,15 000-49 999 habitantes,Total,Error estándar,"29,406","16,237","13,363"
02 Baja California,15 000-49 999 habitantes,Total,Límite inferior de confianza,"258,905","126,534","132,051"
02 Baja California,15 000-49 999 habitantes,Total,Límite superior de confianza,"355,681","179,972","176,029"
02 Baja California,15 000-49 999 habitantes,Total,Coeficiente de variación,9.57,10.59,8.68
02 Baja California,15 000-49 999 habitantes,Total,DEFF,1.91,2.08,1.72
02 Baja California,15 000-49 999 habitantes,00-04 años,Valor,"30,743","16,902","13,841"
02 Baja California,15 000-49 999 habitantes,00-04 años,Error estándar,"4,019","2,745","1,526"
02 Baja California,15 000-49 999 habitantes,00-04 años,Límite inferior de confianza,"24,129","12,384","11,330"
02 Baja California,15 000-49 999 habitantes,00-04 años,Límite superior de confianza,"37,357","21,420","16,352"
02 Baja California,15 000-49 999 habitantes,00-04 años,Coeficiente de variación,13.07,16.24,11.03
02 Baja California,15 000-49 999 habitantes,00-04 años,DEFF,1.78,1.93,2.05
02 Baja California,15 000-49 999 habitantes,05-09 años,Valor,"33,355","16,259","17,096"
02 Baja California,15 000-49 999 habitantes,05-09 años,Error estándar,"4,092","2,286","1,885"
02 Baja California,15 000-49 999 habitantes,05-09 años,Límite inferior de confianza,"26,621","12,497","13,995"
02 Baja California,15 000-49 999 habitantes,05-09 años,Límite superior de confianza,"40,089","20,021","20,197"
02 Baja California,15 000-49 999 habitantes,05-09 años,Coeficiente de variación,12.27,14.06,11.02
02 Baja California,15 000-49 999 habitantes,05-09 años,DEFF,2.29,2.66,1.94
02 Baja California,15 000-49 999 habitantes,10-14 años,Valor,"32,468","15,701","16,767"
02 Baja California,15 000-49 999 habitantes,10-14 años,Error estándar,"2,338","1,885","1,674"
02 Baja California,15 000-49 999 habitantes,10-14 años,Límite inferior de confianza,"28,621","12,599","14,012"
02 Baja California,15 000-49 999 habitantes,10-14 años,Límite superior de confianza,"36,315","18,803","19,522"
02 Baja California,15 000-49 999 habitantes,10-14 años,Coeficiente de variación,7.2,12.01,9.99
02 Baja California,15 000-49 999 habitantes,10-14 años,DEFF,1.24,2.95,2.09
02 Baja California,15 000-49 999 habitantes,15-19 años,Valor,"28,063","15,165","12,898"
02 Baja California,15 000-49 999 habitantes,15-19 años,Error estándar,"2,850","1,463","1,561"
02 Baja California,15 000-49 999 habitantes,15-19 años,Límite inferior de confianza,"23,373","12,758","10,329"
02 Baja California,15 000-49 999 habitantes,15-19 años,Límite superior de confianza,"32,753","17,572","15,467"
02 Baja California,15 000-49 999 habitantes,15-19 años,Coeficiente de variación,10.16,9.65,12.1
02 Baja California,15 000-49 999 habitantes,15-19 años,DEFF,2.18,1.91,3.36
02 Baja California,15 000-49 999 habitantes,20-24 años,Valor,"27,677","13,082","14,595"
02 Baja California,15 000-49 999 habitantes,20-24 años,Error estándar,"3,677","2,525","1,478"
02 Baja California,15 000-49 999 habitantes,20-24 años,Límite inferior de confianza,"21,626","8,928","12,163"
02 Baja California,15 000-49 999 habitantes,20-24 años,Límite superior de confianza,"33,728","17,236","17,027"
02 Baja California,15 000-49 999 habitantes,20-24 años,Coeficiente de variación,13.29,19.3,10.12
02 Baja California,15 000-49 999 habitantes,20-24 años,DEFF,1.98,2.62,1.93
02 Baja California,15 000-49 999 habitantes,25-29 años,Valor,"25,660","12,165","13,495"
02 Baja California,15 000-49 999 habitantes,25-29 años,Error estándar,"3,718","2,072","1,940"
02 Baja California,15 000-49 999 habitantes,25-29 años,Límite inferior de confianza,"19,542","8,756","10,303"
02 Baja California,15 000-49 999 habitantes,25-29 años,Límite superior de confianza,"31,778","15,574","16,687"
02 Baja California,15 000-49 999 habitantes,25-29 años,Coeficiente de variación,14.49,17.03,14.37
02 Baja California,15 000-49 999 habitantes,25-29 años,DEFF,2.13,2.88,2.59
02 Baja California,15 000-49 999 habitantes,30-34 años,Valor,"24,406","12,297","12,109"
02 Baja California,15 000-49 999 habitantes,30-34 años,Error estándar,"2,787","1,437","1,467"
02 Baja California,15 000-49 999 habitantes,30-34 años,Límite inferior de confianza,"19,820","9,933","9,694"
02 Baja California,15 000-49 999 habitantes,30-34 años,Límite superior de confianza,"28,992","14,661","14,524"
02 Baja California,15 000-49 999 habitantes,30-34 años,Coeficiente de variación,11.42,11.68,12.12
02 Baja California,15 000-49 999 habitantes,30-34 años,DEFF,1.55,1.74,1.71
02 Baja California,15 000-49 999 habitantes,35-39 años,Valor,"27,375","13,746","13,629"
02 Baja California,15 000-49 999 habitantes,35-39 años,Error estándar,"3,121","1,528","1,633"
02 Baja California,15 000-49 999 habitantes,35-39 años,Límite inferior de confianza,"22,239","11,232","10,942"
02 Baja California,15 000-49 999 habitantes,35-39 años,Límite superior de confianza,"32,511","16,260","16,316"
02 Baja California,15 000-49 999 habitantes,35-39 años,Coeficiente de variación,11.4,11.11,11.98
02 Baja California,15 000-49 999 habitantes,35-39 años,DEFF,1.84,1.91,1.88
02 Baja California,15 000-49 999 habitantes,40-44 años,Valor,"23,419","11,303","12,116"
02 Baja California,15 000-49 999 habitantes,40-44 años,Error estándar,"3,092","1,271","2,006"
02 Baja California,15 000-49 999 habitantes,40-44 años,Límite inferior de confianza,"18,331","9,212","8,816"
02 Baja California,15 000-49 999 habitantes,40-44 años,Límite superior de confianza,"28,507","13,394","15,416"
02 Baja California,15 000-49 999 habitantes,40-44 años,Coeficiente de variación,13.2,11.24,16.55
02 Baja California,15 000-49 999 habitantes,40-44 años,DEFF,2.27,1.96,3.04
02 Baja California,15 000-49 999 habitantes,45-49 años,Valor,"15,801","7,877","7,924"
02 Baja California,15 000-49 999 habitantes,45-49 años,Error estándar,"1,923",857,"1,203"
02 Baja California,15 000-49 999 habitantes,45-49 años,Límite inferior de confianza,"12,636","6,467","5,944"
02 Baja California,15 000-49 999 habitantes,45-49 años,Límite superior de confianza,"18,966","9,287","9,904"
02 Baja California,15 000-49 999 habitantes,45-49 años,Coeficiente de variación,12.17,10.88,15.19
02 Baja California,15 000-49 999 habitantes,45-49 años,DEFF,4.07,2.88,5.95
02 Baja California,15 000-49 999 habitantes,50-54 años,Valor,"14,409","7,896","6,513"
02 Baja California,15 000-49 999 habitantes,50-54 años,Error estándar,"1,329",894,627
02 Baja California,15 000-49 999 habitantes,50-54 años,Límite inferior de confianza,"12,222","6,426","5,481"
02 Baja California,15 000-49 999 habitantes,50-54 años,Límite superior de confianza,"16,596","9,366","7,545"
02 Baja California,15 000-49 999 habitantes,50-54 años,Coeficiente de variación,9.22,11.32,9.63
02 Baja California,15 000-49 999 habitantes,50-54 años,DEFF,1.22,1.91,2.04
02 Baja California,15 000-49 999 habitantes,55-59 años,Valor,"9,491","4,311","5,180"
02 Baja California,15 000-49 999 habitantes,55-59 años,Error estándar,"1,524",856,762
02 Baja California,15 000-49 999 habitantes,55-59 años,Límite inferior de confianza,"6,983","2,903","3,926"
02 Baja California,15 000-49 999 habitantes,55-59 años,Límite superior de confianza,"11,999","5,719","6,434"
02 Baja California,15 000-49 999 habitantes,55-59 años,Coeficiente de variación,16.06,19.85,14.71
02 Baja California,15 000-49 999 habitantes,55-59 años,DEFF,4.41,10.35,3.33
02 Baja California,15 000-49 999 habitantes,60-64 años,Valor,"5,144","2,693","2,451"
02 Baja California,15 000-49 999 habitantes,60-64 años,Error estándar,823,444,509
02 Baja California,15 000-49 999 habitantes,60-64 años,Límite inferior de confianza,"3,790","1,963","1,613"
02 Baja California,15 000-49 999 habitantes,60-64 años,Límite superior de confianza,"6,498","3,423","3,289"
02 Baja California,15 000-49 999 habitantes,60-64 años,Coeficiente de variación,16,16.47,20.77
02 Baja California,15 000-49 999 habitantes,60-64 años,DEFF,2.89,3.69,4.17
02 Baja California,15 000-49 999 habitantes,65-69 años,Valor,"4,218","1,468","2,750"
02 Baja California,15 000-49 999 habitantes,65-69 años,Error estándar,845,291,647
02 Baja California,15 000-49 999 habitantes,65-69 años,Límite inferior de confianza,"2,827",989,"1,686"
02 Baja California,15 000-49 999 habitantes,65-69 años,Límite superior de confianza,"5,609","1,947","3,814"
02 Baja California,15 000-49 999 habitantes,65-69 años,Coeficiente de variación,20.04,19.85,23.51
02 Baja California,15 000-49 999 habitantes,65-69 años,DEFF,4.13,4.86,7.18
02 Baja California,15 000-49 999 habitantes,70-74 años,Valor,"2,294",934,"1,360"
02 Baja California,15 000-49 999 habitantes,70-74 años,Error estándar,562,270,344
02 Baja California,15 000-49 999 habitantes,70-74 años,Límite inferior de confianza,"1,369",489,794
02 Baja California,15 000-49 999 habitantes,70-74 años,Límite superior de confianza,"3,219","1,379","1,926"
02 Baja California,15 000-49 999 habitantes,70-74 años,Coeficiente de variación,24.5,28.93,25.29
02 Baja California,15 000-49 999 habitantes,70-74 años,DEFF,14.53,138.19,8
02 Baja California,15 000-49 999 habitantes,75 años y más,Valor,"2,726","1,410","1,316"
02 Baja California,15 000-49 999 habitantes,75 años y más,Error estándar,838,446,449
02 Baja California,15 000-49 999 habitantes,75 años y más,Límite inferior de confianza,"1,347",676,578
02 Baja California,15 000-49 999 habitantes,75 años y más,Límite superior de confianza,"4,105","2,144","2,054"
02 Baja California,15 000-49 999 habitantes,75 años y más,Coeficiente de variación,30.73,31.63,34.1
02 Baja California,15 000-49 999 habitantes,75 años y más,DEFF,10.43,24.03,17.31
02 Baja California,15 000-49 999 habitantes,No especificado,Valor,44,44,0
02 Baja California,15 000-49 999 habitantes,No especificado,Error estándar,44,44,0
02 Baja California,15 000-49 999 habitantes,No especificado,Límite inferior de confianza,0,0,0
02 Baja California,15 000-49 999 habitantes,No especificado,Límite superior de confianza,116,116,0
02 Baja California,15 000-49 999 habitantes,No especificado,Coeficiente de variación,100,100,0
02 Baja California,15 000-49 999 habitantes,No especificado,DEFF,0,0,0
02 Baja California,50 000-99 999 habitantes,Total,Valor,"138,720","68,197","70,523"
02 Baja California,50 000-99 999 habitantes,Total,Error estándar,"6,104","2,999","3,191"
02 Baja California,50 000-99 999 habitantes,Total,Límite inferior de confianza,"128,676","63,263","65,271"
02 Baja California,50 000-99 999 habitantes,Total,Límite superior de confianza,"148,764","73,131","75,775"
02 Baja California,50 000-99 999 habitantes,Total,Coeficiente de variación,4.4,4.4,4.53
02 Baja California,50 000-99 999 habitantes,Total,DEFF,0.85,0.85,0.87
02 Baja California,50 000-99 999 habitantes,00-04 años,Valor,"11,491","5,657","5,834"
02 Baja California,50 000-99 999 habitantes,00-04 años,Error estándar,621,343,362
02 Baja California,50 000-99 999 habitantes,00-04 años,Límite inferior de confianza,"10,468","5,092","5,238"
02 Baja California,50 000-99 999 habitantes,00-04 años,Límite superior de confianza,"12,514","6,222","6,430"
02 Baja California,50 000-99 999 habitantes,00-04 años,Coeficiente de variación,5.41,6.07,6.2
02 Baja California,50 000-99 999 habitantes,00-04 años,DEFF,0.87,1.15,1.08
02 Baja California,50 000-99 999 habitantes,05-09 años,Valor,"12,478","6,248","6,230"
02 Baja California,50 000-99 999 habitantes,05-09 años,Error estándar,641,377,340
02 Baja California,50 000-99 999 habitantes,05-09 años,Límite inferior de confianza,"11,424","5,627","5,670"
02 Baja California,50 000-99 999 habitantes,05-09 años,Límite superior de confianza,"13,532","6,869","6,790"
02 Baja California,50 000-99 999 habitantes,05-09 años,Coeficiente de variación,5.13,6.04,5.46
02 Baja California,50 000-99 999 habitantes,05-09 años,DEFF,0.89,1.08,1.02
02 Baja California,50 000-99 999 habitantes,10-14 años,Valor,"12,524","6,155","6,369"
02 Baja California,50 000-99 999 habitantes,10-14 años,Error estándar,674,353,395
02 Baja California,50 000-99 999 habitantes,10-14 años,Límite inferior de confianza,"11,415","5,575","5,719"
02 Baja California,50 000-99 999 habitantes,10-14 años,Límite superior de confianza,"13,633","6,735","7,019"
02 Baja California,50 000-99 999 habitantes,10-14 años,Coeficiente de variación,5.38,5.73,6.2
02 Baja California,50 000-99 999 habitantes,10-14 años,DEFF,0.88,1.02,1.07
02 Baja California,50 000-99 999 habitantes,15-19 años,Valor,"13,433","6,990","6,443"
02 Baja California,50 000-99 999 habitantes,15-19 años,Error estándar,717,391,393
02 Baja California,50 000-99 999 habitantes,15-19 años,Límite inferior de confianza,"12,253","6,346","5,797"
02 Baja California,50 000-99 999 habitantes,15-19 años,Límite superior de confianza,"14,613","7,634","7,089"
02 Baja California,50 000-99 999 habitantes,15-19 años,Coeficiente de variación,5.34,5.6,6.1
02 Baja California,50 000-99 999 habitantes,15-19 años,DEFF,0.83,0.91,1.03
02 Baja California,50 000-99 999 habitantes,20-24 años,Valor,"12,843","6,299","6,544"
02 Baja California,50 000-99 999 habitantes,20-24 años,Error estándar,708,367,408
02 Baja California,50 000-99 999 habitantes,20-24 años,Límite inferior de confianza,"11,678","5,695","5,873"
02 Baja California,50 000-99 999 habitantes,20-24 años,Límite superior de confianza,"14,008","6,903","7,215"
02 Baja California,50 000-99 999 habitantes,20-24 años,Coeficiente de variación,5.51,5.83,6.23
02 Baja California,50 000-99 999 habitantes,20-24 años,DEFF,0.89,1.06,0.95
02 Baja California,50 000-99 999 habitantes,25-29 años,Valor,"11,369","5,414","5,955"
02 Baja California,50 000-99 999 habitantes,25-29 años,Error estándar,605,317,346
02 Baja California,50 000-99 999 habitantes,25-29 años,Límite inferior de confianza,"10,373","4,892","5,385"
02 Baja California,50 000-99 999 habitantes,25-29 años,Límite superior de confianza,"12,365","5,936","6,525"
02 Baja California,50 000-99 999 habitantes,25-29 años,Coeficiente de variación,5.32,5.86,5.81
02 Baja California,50 000-99 999 habitantes,25-29 años,DEFF,0.95,1.05,1.07
02 Baja California,50 000-99 999 habitantes,30-34 años,Valor,"10,014","4,572","5,442"
02 Baja California,50 000-99 999 habitantes,30-34 años,Error estándar,501,254,322
02 Baja California,50 000-99 999 habitantes,30-34 años,Límite inferior de confianza,"9,190","4,154","4,912"
02 Baja California,50 000-99 999 habitantes,30-34 años,Límite superior de confianza,"10,838","4,990","5,972"
02 Baja California,50 000-99 999 habitantes,30-34 años,Coeficiente de variación,5,5.56,5.91
02 Baja California,50 000-99 999 habitantes,30-34 años,DEFF,1.02,1.23,1.22
02 Baja California,50 000-99 999 habitantes,35-39 años,Valor,"9,772","4,920","4,852"
02 Baja California,50 000-99 999 habitantes,35-39 años,Error estándar,573,327,306
02 Baja California,50 000-99 999 habitantes,35-39 años,Límite inferior de confianza,"8,828","4,382","4,349"
02 Baja California,50 000-99 999 habitantes,35-39 años,Límite superior de confianza,"10,716","5,458","5,355"
02 Baja California,50 000-99 999 habitantes,35-39 años,Coeficiente de variación,5.87,6.65,6.3
02 Baja California,50 000-99 999 habitantes,35-39 años,DEFF,1.13,1.32,1.32
02 Baja California,50 000-99 999 habitantes,40-44 años,Valor,"9,794","4,723","5,071"
02 Baja California,50 000-99 999 habitantes,40-44 años,Error estándar,504,257,299
02 Baja California,50 000-99 999 habitantes,40-44 años,Límite inferior de confianza,"8,965","4,300","4,579"
02 Baja California,50 000-99 999 habitantes,40-44 años,Límite superior de confianza,"10,623","5,146","5,563"
02 Baja California,50 000-99 999 habitantes,40-44 años,Coeficiente de variación,5.15,5.45,5.9
02 Baja California,50 000-99 999 habitantes,40-44 años,DEFF,0.97,1.07,1.3
02 Baja California,50 000-99 999 habitantes,45-49 años,Valor,"8,899","4,470","4,429"
02 Baja California,50 000-99 999 habitantes,45-49 años,Error estándar,517,301,283
02 Baja California,50 000-99 999 habitantes,45-49 años,Límite inferior de confianza,"8,049","3,975","3,964"
02 Baja California,50 000-99 999 habitantes,45-49 años,Límite superior de confianza,"9,749","4,965","4,894"
02 Baja California,50 000-99 999 habitantes,45-49 años,Coeficiente de variación,5.81,6.73,6.38
02 Baja California,50 000-99 999 habitantes,45-49 años,DEFF,0.97,1.34,1.14
02 Baja California,50 000-99 999 habitantes,50-54 años,Valor,"7,436","3,596","3,840"
02 Baja California,50 000-99 999 habitantes,50-54 años,Error estándar,445,248,249
02 Baja California,50 000-99 999 habitantes,50-54 años,Límite inferior de confianza,"6,703","3,188","3,430"
02 Baja California,50 000-99 999 habitantes,50-54 años,Límite superior de confianza,"8,169","4,004","4,250"
02 Baja California,50 000-99 999 habitantes,50-54 años,Coeficiente de variación,5.99,6.89,6.48
02 Baja California,50 000-99 999 habitantes,50-54 años,DEFF,1.19,1.37,1.42
02 Baja California,50 000-99 999 habitantes,55-59 años,Valor,"5,380","2,617","2,763"
02 Baja California,50 000-99 999 habitantes,55-59 años,Error estándar,330,200,206
02 Baja California,50 000-99 999 habitantes,55-59 años,Límite inferior de confianza,"4,837","2,288","2,423"
02 Baja California,50 000-99 999 habitantes,55-59 años,Límite superior de confianza,"5,923","2,946","3,103"
02 Baja California,50 000-99 999 habitantes,55-59 años,Coeficiente de variación,6.13,7.65,7.47
02 Baja California,50 000-99 999 habitantes,55-59 años,DEFF,1.18,1.83,1.72
02 Baja California,50 000-99 999 habitantes,60-64 años,Valor,"4,433","2,277","2,156"
02 Baja California,50 000-99 999 habitantes,60-64 años,Error estándar,283,178,156
02 Baja California,50 000-99 999 habitantes,60-64 años,Límite inferior de confianza,"3,967","1,984","1,899"
02 Baja California,50 000-99 999 habitantes,60-64 años,Límite superior de confianza,"4,899","2,570","2,413"
02 Baja California,50 000-99 999 habitantes,60-64 años,Coeficiente de variación,6.38,7.82,7.23
02 Baja California,50 000-99 999 habitantes,60-64 años,DEFF,1.58,2.05,2.59
02 Baja California,50 000-99 999 habitantes,65-69 años,Valor,"3,467","1,698","1,769"
02 Baja California,50 000-99 999 habitantes,65-69 años,Error estándar,267,147,166
02 Baja California,50 000-99 999 habitantes,65-69 años,Límite inferior de confianza,"3,027","1,457","1,496"
02 Baja California,50 000-99 999 habitantes,65-69 años,Límite superior de confianza,"3,907","1,939","2,042"
02 Baja California,50 000-99 999 habitantes,65-69 años,Coeficiente de variación,7.71,8.64,9.39
02 Baja California,50 000-99 999 habitantes,65-69 años,DEFF,1.94,2.99,2.71
02 Baja California,50 000-99 999 habitantes,70-74 años,Valor,"2,329","1,124","1,205"
02 Baja California,50 000-99 999 habitantes,70-74 años,Error estándar,186,106,125
02 Baja California,50 000-99 999 habitantes,70-74 años,Límite inferior de confianza,"2,023",949,999
02 Baja California,50 000-99 999 habitantes,70-74 años,Límite superior de confianza,"2,635","1,299","1,411"
02 Baja California,50 000-99 999 habitantes,70-74 años,Coeficiente de variación,7.98,9.44,10.4
02 Baja California,50 000-99 999 habitantes,70-74 años,DEFF,2.25,3.44,3.8
02 Baja California,50 000-99 999 habitantes,75 años y más,Valor,"3,007","1,410","1,597"
02 Baja California,50 000-99 999 habitantes,75 años y más,Error estándar,244,131,148
02 Baja California,50 000-99 999 habitantes,75 años y más,Límite inferior de confianza,"2,606","1,195","1,353"
02 Baja California,50 000-99 999 habitantes,75 años y más,Límite superior de confianza,"3,408","1,625","1,841"
02 Baja California,50 000-99 999 habitantes,75 años y más,Coeficiente de variación,8.1,9.26,9.28
02 Baja California,50 000-99 999 habitantes,75 años y más,DEFF,1.62,2.86,2.36
02 Baja California,50 000-99 999 habitantes,No especificado,Valor,51,27,24
02 Baja California,50 000-99 999 habitantes,No especificado,Error estándar,26,16,14
02 Baja California,50 000-99 999 habitantes,No especificado,Límite inferior de confianza,9,1,0
02 Baja California,50 000-99 999 habitantes,No especificado,Límite superior de confianza,93,53,48
02 Baja California,50 000-99 999 habitantes,No especificado,Coeficiente de variación,50.37,59.37,59.8
02 Baja California,50 000-99 999 habitantes,No especificado,DEFF,8.52,0,0
02 Baja California,100 000 y más habitantes,Total,Valor,"2,305,073","1,142,828","1,162,245"
02 Baja California,100 000 y más habitantes,Total,Error estándar,"60,900","30,464","30,842"
02 Baja California,100 000 y más habitantes,Total,Límite inferior de confianza,"2,204,859","1,092,699","1,111,494"
02 Baja California,100 000 y más habitantes,Total,Límite superior de confianza,"2,405,287","1,192,957","1,212,996"
02 Baja California,100 000 y más habitantes,Total,Coeficiente de variación,2.64,2.67,2.65
02 Baja California,100 000 y más habitantes,Total,DEFF,1.74,1.73,1.73
02 Baja California,100 000 y más habitantes,00-04 años,Valor,"181,598","91,940","89,658"
02 Baja California,100 000 y más habitantes,00-04 años,Error estándar,"5,725","3,131","2,995"
02 Baja California,100 000 y más habitantes,00-04 años,Límite inferior de confianza,"172,177","86,788","84,730"
02 Baja California,100 000 y más habitantes,00-04 años,Límite superior de confianza,"191,019","97,092","94,586"
02 Baja California,100 000 y más habitantes,00-04 años,Coeficiente de variación,3.15,3.41,3.34
02 Baja California,100 000 y más habitantes,00-04 años,DEFF,1.61,1.85,1.74
02 Baja California,100 000 y más habitantes,05-09 años,Valor,"195,703","98,871","96,832"
02 Baja California,100 000 y más habitantes,05-09 años,Error estándar,"6,168","3,290","3,295"
02 Baja California,100 000 y más habitantes,05-09 años,Límite inferior de confianza,"185,553","93,457","91,410"
02 Baja California,100 000 y más habitantes,05-09 años,Límite superior de confianza,"205,853","104,285","102,254"
02 Baja California,100 000 y más habitantes,05-09 años,Coeficiente de variación,3.15,3.33,3.4
02 Baja California,100 000 y más habitantes,05-09 años,DEFF,1.62,1.78,1.81
02 Baja California,100 000 y más habitantes,10-14 años,Valor,"203,611","102,870","100,741"
02 Baja California,100 000 y más habitantes,10-14 años,Error estándar,"6,367","3,472","3,342"
02 Baja California,100 000 y más habitantes,10-14 años,Límite inferior de confianza,"193,134","97,157","95,242"
02 Baja California,100 000 y más habitantes,10-14 años,Límite superior de confianza,"214,088","108,583","106,240"
02 Baja California,100 000 y más habitantes,10-14 años,Coeficiente de variación,3.13,3.38,3.32
02 Baja California,100 000 y más habitantes,10-14 años,DEFF,1.59,1.75,1.76
02 Baja California,100 000 y más habitantes,15-19 años,Valor,"204,466","103,627","100,839"
02 Baja California,100 000 y más habitantes,15-19 años,Error estándar,"6,256","3,376","3,336"
02 Baja California,100 000 y más habitantes,15-19 años,Límite inferior de confianza,"194,172","98,071","95,350"
02 Baja California,100 000 y más habitantes,15-19 años,Límite superior de confianza,"214,760","109,183","106,328"
02 Baja California,100 000 y más habitantes,15-19 años,Coeficiente de variación,3.06,3.26,3.31
02 Baja California,100 000 y más habitantes,15-19 años,DEFF,1.59,1.71,1.74
02 Baja California,100 000 y más habitantes,20-24 años,Valor,"213,444","107,504","105,940"
02 Baja California,100 000 y más habitantes,20-24 años,Error estándar,"6,411","3,464","3,319"
02 Baja California,100 000 y más habitantes,20-24 años,Límite inferior de confianza,"202,894","101,804","100,478"
02 Baja California,100 000 y más habitantes,20-24 años,Límite superior de confianza,"223,994","113,204","111,402"
02 Baja California,100 000 y más habitantes,20-24 años,Coeficiente de variación,3,3.22,3.13
02 Baja California,100 000 y más habitantes,20-24 años,DEFF,1.68,1.85,1.76
02 Baja California,100 000 y más habitantes,25-29 años,Valor,"192,145","95,044","97,101"
02 Baja California,100 000 y más habitantes,25-29 años,Error estándar,"5,849","3,073","3,140"
02 Baja California,100 000 y más habitantes,25-29 años,Límite inferior de confianza,"182,520","89,987","91,934"
02 Baja California,100 000 y más habitantes,25-29 años,Límite superior de confianza,"201,770","100,101","102,268"
02 Baja California,100 000 y más habitantes,25-29 años,Coeficiente de variación,3.04,3.23,3.23
02 Baja California,100 000 y más habitantes,25-29 años,DEFF,1.78,1.93,1.95
02 Baja California,100 000 y más habitantes,30-34 años,Valor,"180,591","90,367","90,224"
02 Baja California,100 000 y más habitantes,30-34 años,Error estándar,"5,704","3,038","2,996"
02 Baja California,100 000 y más habitantes,30-34 años,Límite inferior de confianza,"171,205","85,368","85,294"
02 Baja California,100 000 y más habitantes,30-34 años,Límite superior de confianza,"189,977","95,366","95,154"
02 Baja California,100 000 y más habitantes,30-34 años,Coeficiente de variación,3.16,3.36,3.32
02 Baja California,100 000 y más habitantes,30-34 años,DEFF,1.77,1.89,1.91
02 Baja California,100 000 y más habitantes,35-39 años,Valor,"175,125","84,227","90,898"
02 Baja California,100 000 y más habitantes,35-39 años,Error estándar,"5,429","2,710","3,069"
02 Baja California,100 000 y más habitantes,35-39 años,Límite inferior de confianza,"166,191","79,768","85,848"
02 Baja California,100 000 y más habitantes,35-39 años,Límite superior de confianza,"184,059","88,686","95,948"
02 Baja California,100 000 y más habitantes,35-39 años,Coeficiente de variación,3.1,3.22,3.38
02 Baja California,100 000 y más habitantes,35-39 años,DEFF,1.72,1.98,1.75
02 Baja California,100 000 y más habitantes,40-44 años,Valor,"180,069","90,712","89,357"
02 Baja California,100 000 y más habitantes,40-44 años,Error estándar,"5,704","3,225","2,813"
02 Baja California,100 000 y más habitantes,40-44 años,Límite inferior de confianza,"170,683","85,405","84,728"
02 Baja California,100 000 y más habitantes,40-44 años,Límite superior de confianza,"189,455","96,019","93,986"
02 Baja California,100 000 y más habitantes,40-44 años,Coeficiente de variación,3.17,3.56,3.15
02 Baja California,100 000 y más habitantes,40-44 años,DEFF,1.67,1.77,1.86
02 Baja California,100 000 y más habitantes,45-49 años,Valor,"144,263","72,432","71,831"
02 Baja California,100 000 y más habitantes,45-49 años,Error estándar,"4,388","2,354","2,394"
02 Baja California,100 000 y más habitantes,45-49 años,Límite inferior de confianza,"137,042","68,559","67,892"
02 Baja California,100 000 y más habitantes,45-49 años,Límite superior de confianza,"151,484","76,305","75,770"
02 Baja California,100 000 y más habitantes,45-49 años,Coeficiente de variación,3.04,3.25,3.33
02 Baja California,100 000 y más habitantes,45-49 años,DEFF,1.7,1.86,1.92
02 Baja California,100 000 y más habitantes,50-54 años,Valor,"127,804","63,238","64,566"
02 Baja California,100 000 y más habitantes,50-54 años,Error estándar,"4,007","2,099","2,228"
02 Baja California,100 000 y más habitantes,50-54 años,Límite inferior de confianza,"121,211","59,783","60,899"
02 Baja California,100 000 y más habitantes,50-54 años,Límite superior de confianza,"134,397","66,693","68,233"
02 Baja California,100 000 y más habitantes,50-54 años,Coeficiente de variación,3.14,3.32,3.45
02 Baja California,100 000 y más habitantes,50-54 años,DEFF,1.84,2.19,1.98
02 Baja California,100 000 y más habitantes,55-59 años,Valor,"94,560","45,766","48,794"
02 Baja California,100 000 y más habitantes,55-59 años,Error estándar,"3,185","1,641","1,878"
02 Baja California,100 000 y más habitantes,55-59 años,Límite inferior de confianza,"89,318","43,065","45,703"
02 Baja California,100 000 y más habitantes,55-59 años,Límite superior de confianza,"99,802","48,467","51,885"
02 Baja California,100 000 y más habitantes,55-59 años,Coeficiente de variación,3.37,3.59,3.85
02 Baja California,100 000 y más habitantes,55-59 años,DEFF,2.05,2.1,2.65
02 Baja California,100 000 y más habitantes,60-64 años,Valor,"77,420","35,209","42,211"
02 Baja California,100 000 y más habitantes,60-64 años,Error estándar,"2,881","1,461","1,690"
02 Baja California,100 000 y más habitantes,60-64 años,Límite inferior de confianza,"72,679","32,805","39,429"
02 Baja California,100 000 y más habitantes,60-64 años,Límite superior de confianza,"82,161","37,613","44,993"
02 Baja California,100 000 y más habitantes,60-64 años,Coeficiente de variación,3.72,4.15,4
02 Baja California,100 000 y más habitantes,60-64 años,DEFF,2.34,2.97,2.78
02 Baja California,100 000 y más habitantes,65-69 años,Valor,"51,002","22,830","28,172"
02 Baja California,100 000 y más habitantes,65-69 años,Error estándar,"2,057","1,060","1,289"
02 Baja California,100 000 y más habitantes,65-69 años,Límite inferior de confianza,"47,617","21,085","26,051"
02 Baja California,100 000 y más habitantes,65-69 años,Límite superior de confianza,"54,387","24,575","30,293"
02 Baja California,100 000 y más habitantes,65-69 años,Coeficiente de variación,4.03,4.64,4.57
02 Baja California,100 000 y más habitantes,65-69 años,DEFF,2.5,3.69,3.1
02 Baja California,100 000 y más habitantes,70-74 años,Valor,"34,652","16,820","17,832"
02 Baja California,100 000 y más habitantes,70-74 años,Error estándar,"1,531",871,902
02 Baja California,100 000 y más habitantes,70-74 años,Límite inferior de confianza,"32,132","15,387","16,348"
02 Baja California,100 000 y más habitantes,70-74 años,Límite superior de confianza,"37,172","18,253","19,316"
02 Baja California,100 000 y más habitantes,70-74 años,Coeficiente de variación,4.42,5.18,5.06
02 Baja California,100 000 y más habitantes,70-74 años,DEFF,2.81,3.85,4.18
02 Baja California,100 000 y más habitantes,75 años y más,Valor,"47,168","20,598","26,570"
02 Baja California,100 000 y más habitantes,75 años y más,Error estándar,"2,152","1,067","1,306"
02 Baja California,100 000 y más habitantes,75 años y más,Límite inferior de confianza,"43,627","18,843","24,421"
02 Baja California,100 000 y más habitantes,75 años y más,Límite superior de confianza,"50,709","22,353","28,719"
02 Baja California,100 000 y más habitantes,75 años y más,Coeficiente de variación,4.56,5.18,4.92
02 Baja California,100 000 y más habitantes,75 años y más,DEFF,3,4.12,3.39
02 Baja California,100 000 y más habitantes,No especificado,Valor,"1,452",773,679
02 Baja California,100 000 y más habitantes,No especificado,Error estándar,331,201,166
02 Baja California,100 000 y más habitantes,No especificado,Límite inferior de confianza,907,442,407
02 Baja California,100 000 y más habitantes,No especificado,Límite superior de confianza,"1,997","1,104",951
02 Baja California,100 000 y más habitantes,No especificado,Coeficiente de variación,22.82,26.01,24.38
02 Baja California,100 000 y más habitantes,No especificado,DEFF,5.24,7.41,15.73
,,,,,,
Nota: Los límites de confianza se calculan al 90 por ciento.,,,,,,
